﻿{"PRODUCT_ID":"16","PRODUCT_NAME":"Women's Socks (Grey)","UNIT_PRICE":"39.89"}
{"PRODUCT_ID":"17","PRODUCT_NAME":"Women's Sweater (Brown)","UNIT_PRICE":"24.46"}
{"PRODUCT_ID":"18","PRODUCT_NAME":"Women's Jacket (Black)","UNIT_PRICE":"14.34"}
{"PRODUCT_ID":"19","PRODUCT_NAME":"Men's Coat (Red)","UNIT_PRICE":"28.21"}
{"PRODUCT_ID":"20","PRODUCT_NAME":"Girl's Shorts (Green)","UNIT_PRICE":"38.34"}
{"PRODUCT_ID":"21","PRODUCT_NAME":"Girl's Pyjamas (White)","UNIT_PRICE":"39.78"}
{"PRODUCT_ID":"22","PRODUCT_NAME":"Men's Shorts (Black)","UNIT_PRICE":"10.33"}
{"PRODUCT_ID":"23","PRODUCT_NAME":"Men's Pyjamas (Blue)","UNIT_PRICE":"48.39"}
{"PRODUCT_ID":"24","PRODUCT_NAME":"Boy's Sweater (Red)","UNIT_PRICE":"9.8"}
{"PRODUCT_ID":"25","PRODUCT_NAME":"Girl's Jeans (Grey)","UNIT_PRICE":"48.75"}
{"PRODUCT_ID":"26","PRODUCT_NAME":"Girl's Hoodie (White)","UNIT_PRICE":"39.91"}
{"PRODUCT_ID":"27","PRODUCT_NAME":"Boy's Coat (Blue)","UNIT_PRICE":"10.24"}
{"PRODUCT_ID":"28","PRODUCT_NAME":"Men's Hoodie (Red)","UNIT_PRICE":"24.71"}
{"PRODUCT_ID":"29","PRODUCT_NAME":"Boy's Shirt (Black)","UNIT_PRICE":"37.34"}
{"PRODUCT_ID":"30","PRODUCT_NAME":"Women's Pyjamas (Grey)","UNIT_PRICE":"28.59"}
{"PRODUCT_ID":"31","PRODUCT_NAME":"Women's Skirt (Green)","UNIT_PRICE":"5.65"}
{"PRODUCT_ID":"32","PRODUCT_NAME":"Women's Jacket (Blue)","UNIT_PRICE":"37"}
{"PRODUCT_ID":"33","PRODUCT_NAME":"Boy's Pyjamas (Grey)","UNIT_PRICE":"23.32"}
{"PRODUCT_ID":"34","PRODUCT_NAME":"Women's Jeans (Red)","UNIT_PRICE":"7.18"}
{"PRODUCT_ID":"35","PRODUCT_NAME":"Girl's Dress (Red)","UNIT_PRICE":"49.12"}
{"PRODUCT_ID":"36","PRODUCT_NAME":"Women's Trousers (Blue)","UNIT_PRICE":"29.51"}
{"PRODUCT_ID":"37","PRODUCT_NAME":"Boy's Jeans (Blue)","UNIT_PRICE":"22.98"}
{"PRODUCT_ID":"38","PRODUCT_NAME":"Girl's Pyjamas (Red)","UNIT_PRICE":"11"}
{"PRODUCT_ID":"39","PRODUCT_NAME":"Boy's Trousers (Blue)","UNIT_PRICE":"34.06"}
{"PRODUCT_ID":"40","PRODUCT_NAME":"Girl's Pyjamas (Black)","UNIT_PRICE":"8.66"}
{"PRODUCT_ID":"41","PRODUCT_NAME":"Women's Dress (Black)","UNIT_PRICE":"10.11"}
{"PRODUCT_ID":"1","PRODUCT_NAME":"Boy's Shirt (White)","UNIT_PRICE":"29.55"}
{"PRODUCT_ID":"2","PRODUCT_NAME":"Women's Shirt (Green)","UNIT_PRICE":"16.67"}
{"PRODUCT_ID":"3","PRODUCT_NAME":"Boy's Sweater (Green)","UNIT_PRICE":"44.17"}
{"PRODUCT_ID":"4","PRODUCT_NAME":"Boy's Trousers (White)","UNIT_PRICE":"43.71"}
{"PRODUCT_ID":"5","PRODUCT_NAME":"Girl's Shorts (Red)","UNIT_PRICE":"38.28"}
{"PRODUCT_ID":"6","PRODUCT_NAME":"Boy's Socks (Grey)","UNIT_PRICE":"19.16"}
{"PRODUCT_ID":"7","PRODUCT_NAME":"Boy's Socks (Black)","UNIT_PRICE":"19.58"}
{"PRODUCT_ID":"8","PRODUCT_NAME":"Boy's Coat (Brown)","UNIT_PRICE":"21.16"}
{"PRODUCT_ID":"9","PRODUCT_NAME":"Women's Jeans (Brown)","UNIT_PRICE":"29.49"}
{"PRODUCT_ID":"10","PRODUCT_NAME":"Women's Skirt (Red)","UNIT_PRICE":"30.69"}
{"PRODUCT_ID":"11","PRODUCT_NAME":"Boy's Shorts (Blue)","UNIT_PRICE":"10.48"}
{"PRODUCT_ID":"12","PRODUCT_NAME":"Boy's Socks (White)","UNIT_PRICE":"12.64"}
{"PRODUCT_ID":"13","PRODUCT_NAME":"Boy's Hoodie (Grey)","UNIT_PRICE":"26.14"}
{"PRODUCT_ID":"14","PRODUCT_NAME":"Women's Skirt (Brown)","UNIT_PRICE":"13.97"}
{"PRODUCT_ID":"15","PRODUCT_NAME":"Girl's Coat (Blue)","UNIT_PRICE":"13.09"}
{"PRODUCT_ID":"42","PRODUCT_NAME":"Boy's Jeans (Black)","UNIT_PRICE":"16.64"}
{"PRODUCT_ID":"43","PRODUCT_NAME":"Boy's Trousers (Black)","UNIT_PRICE":"39.32"}
{"PRODUCT_ID":"44","PRODUCT_NAME":"Women's Coat (Black)","UNIT_PRICE":"31.68"}
{"PRODUCT_ID":"45","PRODUCT_NAME":"Men's Jeans (Grey)","UNIT_PRICE":"27.64"}
{"PRODUCT_ID":"46","PRODUCT_NAME":"Girl's Trousers (Red)","UNIT_PRICE":"39.16"}
