﻿{"STORE_ID":"1","STORE_NAME":"Online","WEB_ADDRESS":"https://www.example.com","LATITUDE":null,"LONGITUDE":null}
{"STORE_ID":"2","STORE_NAME":"San Francisco","WEB_ADDRESS":null,"LATITUDE":"37.529395","LONGITUDE":"-122.267237"}
{"STORE_ID":"3","STORE_NAME":"Seattle","WEB_ADDRESS":null,"LATITUDE":"47.6053","LONGITUDE":"-122.33221"}
{"STORE_ID":"4","STORE_NAME":"New York City","WEB_ADDRESS":null,"LATITUDE":"40.745216","LONGITUDE":"-73.980518"}
{"STORE_ID":"5","STORE_NAME":"Chicago","WEB_ADDRESS":null,"LATITUDE":"41.878751","LONGITUDE":"-87.636675"}
{"STORE_ID":"6","STORE_NAME":"London","WEB_ADDRESS":null,"LATITUDE":"51.519281","LONGITUDE":"-0.087296"}
{"STORE_ID":"7","STORE_NAME":"Bucharest","WEB_ADDRESS":null,"LATITUDE":"44.43225","LONGITUDE":"26.10626"}
{"STORE_ID":"8","STORE_NAME":"Berlin","WEB_ADDRESS":null,"LATITUDE":"52.5161","LONGITUDE":"13.3873"}
{"STORE_ID":"9","STORE_NAME":"Utrecht","WEB_ADDRESS":null,"LATITUDE":"52.103263","LONGITUDE":"5.061644"}
{"STORE_ID":"10","STORE_NAME":"Madrid","WEB_ADDRESS":null,"LATITUDE":"40.4929","LONGITUDE":"-3.8737"}
{"STORE_ID":"11","STORE_NAME":"Johannesburg","WEB_ADDRESS":null,"LATITUDE":"-26.044222","LONGITUDE":"28.094662"}
{"STORE_ID":"12","STORE_NAME":"Lagos","WEB_ADDRESS":null,"LATITUDE":"6.42806","LONGITUDE":"3.42199"}
{"STORE_ID":"13","STORE_NAME":"Bengaluru","WEB_ADDRESS":null,"LATITUDE":"12.8939","LONGITUDE":"77.5978"}
{"STORE_ID":"14","STORE_NAME":"Mumbai","WEB_ADDRESS":null,"LATITUDE":"19.069405","LONGITUDE":"72.870143"}
{"STORE_ID":"15","STORE_NAME":"New Dehli","WEB_ADDRESS":null,"LATITUDE":"28.527693","LONGITUDE":"77.220135"}
{"STORE_ID":"16","STORE_NAME":"Sydney","WEB_ADDRESS":null,"LATITUDE":"-33.797279","LONGITUDE":"151.143826"}
{"STORE_ID":"17","STORE_NAME":"Perth","WEB_ADDRESS":null,"LATITUDE":"-31.953715","LONGITUDE":"115.851645"}
{"STORE_ID":"18","STORE_NAME":"S�o Paulo","WEB_ADDRESS":null,"LATITUDE":"-23.5475","LONGITUDE":"-46.63611"}
{"STORE_ID":"19","STORE_NAME":"Buenos Aires","WEB_ADDRESS":null,"LATITUDE":"-34.61016","LONGITUDE":"-58.362867"}
{"STORE_ID":"20","STORE_NAME":"Mexico City","WEB_ADDRESS":null,"LATITUDE":"19.428489","LONGITUDE":"-99.205745"}
{"STORE_ID":"21","STORE_NAME":"Bejing","WEB_ADDRESS":null,"LATITUDE":"40.0572","LONGITUDE":"116.290061"}
{"STORE_ID":"22","STORE_NAME":"Tokyo","WEB_ADDRESS":null,"LATITUDE":"35.671534","LONGITUDE":"139.718584"}
{"STORE_ID":"23","STORE_NAME":"Tel Aviv","WEB_ADDRESS":null,"LATITUDE":"32.100664","LONGITUDE":"34.862138"}
